Customer ID,Profit,Sales,Order ID,Quantity,Discount,Cluster,Cluster Label
AA-10315,-362.8825,5563.56,11,30,0.09090909090909091,0,low performing customers
AA-10375,277.3824,1056.39,15,41,0.08000000000000002,0,low performing customers
AA-10480,435.8274,1790.5120000000002,12,36,0.016666666666666666,0,low performing customers
AA-10645,857.8033,5086.9349999999995,18,64,0.06388888888888888,1,Semi discount chasers
AB-10015,129.3465,886.156,6,13,0.06666666666666667,0,low performing customers
AB-10060,2019.9588999999999,7681.94,16,50,0.05,2,High paying customers
AB-10105,5444.8055,14473.570999999998,20,73,0.24,2,High paying customers
AB-10150,313.6597,966.71,12,37,0.13333333333333333,0,low performing customers
AB-10165,220.813,1113.838,14,48,0.13571428571428573,0,low performing customers
AB-10255,264.5675,914.5319999999999,14,39,0.1,0,low performing customers
AB-10600,-274.9604,1515.862,8,38,0.375,3,Discount Chasers
AC-10420,-62.1342,925.8,5,17,0.32,3,Discount Chasers
AC-10450,1366.0098,5527.846,9,43,0.18888888888888888,0,low performing customers
AC-10615,298.8273,2537.6859999999997,18,59,0.1111111111111111,1,Semi discount chasers
AC-10660,-28.700399999999995,657.316,6,16,0.18333333333333335,3,Discount Chasers
AD-10180,1869.9294,6106.88,12,40,0.05833333333333333,0,low performing customers
AF-10870,317.9712,2052.908,16,51,0.2,1,Semi discount chasers
AF-10885,-163.1175,861.565,7,37,0.2571428571428572,3,Discount Chasers
AG-10270,732.7399,2582.898,14,58,0.014285714285714287,0,low performing customers
AG-10300,59.288399999999996,367.548,5,16,0.08,0,low performing customers
AG-10330,-5.137100000000006,660.972,9,47,0.23333333333333334,3,Discount Chasers
AG-10390,69.2784,200.945,8,33,0.22499999999999998,3,Discount Chasers
AG-10495,295.6668,2356.855,21,93,0.20476190476190476,1,Semi discount chasers
AG-10525,-152.7613,1455.038,9,33,0.15555555555555556,0,low performing customers
AG-10675,-246.42570000000003,3489.0396000000005,15,54,0.16133333333333333,1,Semi discount chasers
AG-10765,-8.431000000000001,170.584,5,20,0.45999999999999996,3,Discount Chasers
AG-10900,343.6824,4510.797,21,92,0.16666666666666666,1,Semi discount chasers
AH-10030,365.2152,1744.7,11,54,0.09090909090909091,0,low performing customers
AH-10075,281.189,3250.337,20,75,0.135,1,Semi discount chasers
AH-10120,-2.3145999999999773,1735.5140000000001,16,65,0.23750000000000002,1,Semi discount chasers
AH-10195,-378.5509,1587.452,8,28,0.35,3,Discount Chasers
AH-10210,1308.5546,4805.344,13,53,0.09230769230769233,1,Semi discount chasers
AH-10465,-196.12009999999998,2495.3916,8,35,0.14,0,low performing customers
AH-10585,83.96300000000001,738.504,5,17,0.12000000000000002,0,low performing customers
AH-10690,1298.0166,7888.294,23,102,0.21739130434782608,2,High paying customers
AI-10855,867.7271000000001,4375.786,18,72,0.07222222222222223,1,Semi discount chasers
AJ-10780,150.71300000000005,4867.344,15,62,0.08666666666666667,1,Semi discount chasers
AJ-10795,1158.7064,4501.391,21,88,0.08333333333333333,1,Semi discount chasers
AJ-10945,521.1351999999999,1839.24,10,40,0.04,0,low performing customers
AJ-10960,60.4265,629.2479999999999,5,22,0.04,0,low performing customers
AM-10360,194.9878,814.012,12,48,0.125,0,low performing customers
AM-10705,1085.7326,5664.022,22,81,0.06363636363636363,1,Semi discount chasers
AO-10810,12.096,161.28,1,2,0.2,3,Discount Chasers
AP-10720,285.7888,1638.554,19,85,0.1631578947368421,1,Semi discount chasers
AP-10915,579.3113,3323.556,31,102,0.09354838709677421,1,Semi discount chasers
AR-10345,-221.0544,1055.694,5,18,0.26,3,Discount Chasers
AR-10405,-98.7646,2236.128,7,29,0.09999999999999999,0,low performing customers
AR-10510,43.6695,264.86400000000003,7,33,0.21428571428571427,3,Discount Chasers
AR-10540,2884.6208,6608.448,9,33,0.06666666666666668,2,High paying customers
AR-10570,32.633,88.15,2,6,0.0,0,low performing customers
AR-10825,494.83519999999993,4523.336,13,54,0.07692307692307693,0,low performing customers
AS-10045,-253.57459999999998,3050.692,10,48,0.355,3,Discount Chasers
AS-10090,64.53739999999998,3255.31,25,81,0.18,1,Semi discount chasers
AS-10135,21.8496,58.82,3,9,0.06666666666666667,0,low performing customers
AS-10225,719.7751000000001,4260.784,13,41,0.06153846153846154,0,low performing customers
AS-10240,33.715799999999994,584.6080000000001,13,39,0.2692307692307692,3,Discount Chasers
AS-10285,354.62760000000003,3214.236,8,39,0.225,3,Discount Chasers
AS-10630,136.49190000000002,833.398,12,34,0.18333333333333335,3,Discount Chasers
AT-10435,100.87680000000002,1171.814,9,28,0.19999999999999998,3,Discount Chasers
AT-10735,974.107,3831.864,16,60,0.08750000000000001,1,Semi discount chasers
AW-10840,65.77250000000001,649.376,8,24,0.2,3,Discount Chasers
AW-10930,-104.5486,2852.968,16,68,0.30625,1,Semi discount chasers
AY-10555,103.3499,497.014,10,34,0.1,0,low performing customers
AZ-10750,154.9503,1622.0179999999998,12,40,0.125,0,low performing customers
BB-10990,11.583900000000007,744.3399999999999,8,26,0.2,3,Discount Chasers
BB-11545,1015.0749999999999,6765.728,20,83,0.195,1,Semi discount chasers
BC-11125,251.5974,2933.676,18,60,0.1111111111111111,1,Semi discount chasers
BD-11320,1094.5037,5718.521,19,75,0.07894736842105263,1,Semi discount chasers
BD-11500,1142.1225,4411.2429999999995,10,49,0.135,0,low performing customers
BD-11560,116.714,320.54,4,11,0.0,0,low performing customers
BD-11605,634.8463,3288.471,20,74,0.0725,1,Semi discount chasers
BD-11620,206.75689999999997,1538.11,8,27,0.17500000000000002,0,low performing customers
BD-11635,141.53400000000002,582.646,5,19,0.1,0,low performing customers
BD-11725,333.9791,1526.5,10,29,0.02,0,low performing customers
BD-11770,141.265,658.466,10,21,0.12000000000000002,0,low performing customers
BE-11335,1487.7739000000001,4204.676,9,35,0.022222222222222223,0,low performing customers
BE-11410,755.9150999999999,2261.438,5,19,0.16,0,low performing customers
BE-11455,139.20080000000002,1727.652,13,40,0.14615384615384613,0,low performing customers
BF-10975,227.4384,599.798,13,38,0.14615384615384613,0,low performing customers
BF-11005,-291.38109999999995,1333.88,10,26,0.18,3,Discount Chasers
BF-11020,302.02,2888.506,21,78,0.2571428571428572,1,Semi discount chasers
BF-11080,110.9272,272.95,6,29,0.0,0,low performing customers
BF-11170,1538.2127,5907.972,27,102,0.12222222222222222,2,High paying customers
BF-11215,523.2133,1585.162,8,48,0.05,0,low performing customers
BF-11275,25.870199999999997,791.9899999999999,4,11,0.15000000000000002,0,low performing customers
BG-11035,-711.4274,2798.948,12,35,0.19166666666666665,3,Discount Chasers
BG-11695,107.5715,1874.172,8,24,0.1375,0,low performing customers
BG-11740,119.34790000000001,1006.356,7,22,0.14285714285714285,0,low performing customers
BH-11710,802.7898,6255.351,24,97,0.18333333333333335,1,Semi discount chasers
BK-11260,-63.764399999999995,659.1379999999999,16,58,0.20625000000000002,1,Semi discount chasers
BM-11140,-1659.9580999999998,11789.63,16,64,0.16875,1,Semi discount chasers
BM-11575,95.58160000000001,808.162,10,22,0.18,3,Discount Chasers
BM-11650,1567.7973,5116.665,27,83,0.09074074074074075,2,High paying customers
BM-11785,137.7439,1338.842,14,44,0.25,3,Discount Chasers
BN-11470,36.6131,265.296,6,15,0.16666666666666666,3,Discount Chasers
BN-11515,340.7054,1459.344,17,79,0.023529411764705882,1,Semi discount chasers
BO-11350,278.77700000000004,2682.728,12,43,0.2333333333333333,3,Discount Chasers
BO-11425,59.4522,130.83,2,7,0.0,0,low performing customers
BP-11050,209.78300000000002,983.42,7,30,0.14285714285714285,0,low performing customers
BP-11095,433.9751,2442.044,20,70,0.165,1,Semi discount chasers
BP-11155,647.3847000000001,1697.8609999999999,11,32,0.0818181818181818,0,low performing customers
BP-11185,363.5991,3675.861,18,69,0.19444444444444445,1,Semi discount chasers
BP-11230,-197.2695,1181.49,6,14,0.06666666666666667,0,low performing customers
BP-11290,-319.0637,2475.157,16,51,0.3,3,Discount Chasers
BS-11365,2616.0643999999998,10501.653,9,39,0.011111111111111112,2,High paying customers
BS-11380,-17.532200000000024,3887.834,13,58,0.27692307692307694,1,Semi discount chasers
BS-11590,381.7807,2454.928,10,41,0.3,3,Discount Chasers
BS-11665,238.73680000000002,3288.1099999999997,11,47,0.18181818181818182,0,low performing customers
BS-11755,-113.29840000000003,2562.382,14,45,0.13214285714285715,0,low performing customers
BS-11800,194.0516,949.4300000000001,8,22,0.0,0,low performing customers
BT-11305,417.5918,2567.656,9,33,0.044444444444444446,0,low performing customers
BT-11395,257.9163,2186.6130000000003,10,38,0.15,0,low performing customers
BT-11440,-77.5256,603.876,7,16,0.15714285714285717,0,low performing customers
BT-11485,126.8694,415.19599999999997,3,11,0.06666666666666667,0,low performing customers
BT-11530,409.4983,2684.4919999999997,10,44,0.1,0,low performing customers
BT-11680,447.74839999999995,3196.752,20,88,0.07,1,Semi discount chasers
BV-11245,315.2214,1523.2730000000001,14,49,0.09285714285714285,0,low performing customers
BW-11065,-58.28659999999999,385.516,3,8,0.13333333333333333,0,low performing customers
BW-11110,921.2574,4750.358,17,74,0.1411764705882353,1,Semi discount chasers
BW-11200,246.9973,1738.406,10,49,0.15,0,low performing customers
CA-11965,1143.3817,3789.7228,10,29,0.11200000000000002,0,low performing customers
CA-12055,211.2559,1679.7240000000002,10,49,0.3,3,Discount Chasers
CA-12265,279.6183,2648.2872,17,65,0.18941176470588236,1,Semi discount chasers
CA-12310,246.02179999999998,1421.954,11,25,0.11818181818181818,0,low performing customers
CA-12775,204.48950000000002,3041.566,17,72,0.18823529411764706,1,Semi discount chasers
CB-12025,150.2089,6076.139,26,122,0.16346153846153846,1,Semi discount chasers
CB-12415,272.3883,1949.2,12,44,0.3333333333333333,3,Discount Chasers
CB-12535,1049.5601,4246.4555,19,74,0.05,1,Semi discount chasers
CC-12100,208.5912,1770.945,13,46,0.21538461538461537,3,Discount Chasers
CC-12145,392.2825,2471.65,11,31,0.08181818181818182,0,low performing customers
CC-12220,393.9618,3913.418,22,81,0.11818181818181818,1,Semi discount chasers
CC-12370,2177.0493,12129.072000000002,11,34,0.2818181818181818,2,High paying customers
CC-12430,424.6583,2870.05,19,63,0.05789473684210527,1,Semi discount chasers
CC-12475,154.851,1659.438,13,40,0.16153846153846155,0,low performing customers
CC-12550,33.870599999999996,113.832,4,14,0.15000000000000002,0,low performing customers
CC-12610,331.434,2540.631,12,39,0.27499999999999997,3,Discount Chasers
CC-12670,187.8399,2269.7015,14,47,0.16785714285714287,1,Semi discount chasers
CC-12685,850.1591,2854.1150000000002,12,51,0.25,3,Discount Chasers
CD-11920,426.661,2033.968,9,35,0.044444444444444446,0,low performing customers
CD-11980,-206.7172,639.766,6,22,0.43333333333333335,3,Discount Chasers
CD-12280,233.0274,1205.584,13,39,0.08461538461538462,0,low performing customers
CD-12790,403.8422,1860.732,15,49,0.02666666666666667,0,low performing customers
CG-12040,86.5106,904.4680000000001,9,37,0.18888888888888888,3,Discount Chasers
CG-12520,169.93439999999998,1148.7800000000002,5,14,0.2,3,Discount Chasers
CH-12070,195.15109999999999,1537.236,4,13,0.15000000000000002,0,low performing customers
CJ-11875,1.652,16.52,1,5,0.2,3,Discount Chasers
CJ-12010,858.7414,11164.974,20,83,0.1885,2,High paying customers
CK-12205,141.2831,3154.855,32,122,0.234375,1,Semi discount chasers
CK-12325,261.22090000000003,2945.321,12,46,0.18333333333333335,0,low performing customers
CK-12595,497.70980000000003,2372.75,25,108,0.184,1,Semi discount chasers
CK-12760,-338.4311,1582.109,14,64,0.15,1,Semi discount chasers
CL-11890,328.0847,1262.0140000000001,7,24,0.05714285714285715,0,low performing customers
CL-12565,1933.7830999999999,10880.546,28,106,0.1142857142857143,2,High paying customers
CL-12700,229.00990000000002,2353.586,8,34,0.1875,3,Discount Chasers
CM-11815,214.463,1673.888,10,38,0.12000000000000002,0,low performing customers
CM-11935,-43.732400000000005,565.392,4,18,0.2,3,Discount Chasers
CM-12115,409.0679,1661.6100000000001,7,35,0.028571428571428574,0,low performing customers
CM-12160,-394.3686,2533.314,7,23,0.24285714285714285,3,Discount Chasers
CM-12190,91.2033,1475.144,7,21,0.07142857142857142,0,low performing customers
CM-12235,365.0387,2305.712,8,28,0.07500000000000001,0,low performing customers
CM-12385,3899.8903999999998,8954.019999999999,10,34,0.12,2,High paying customers
CM-12445,64.4296,287.99,9,32,0.07777777777777778,0,low performing customers
CM-12655,1572.4585,6339.5576,10,42,0.072,0,low performing customers
CM-12715,176.3108,3984.4524,13,57,0.30923076923076925,3,Discount Chasers
CP-12085,427.0258,5402.254,14,57,0.14285714285714285,1,Semi discount chasers
CP-12340,-1850.3029000000001,5888.275,15,59,0.21333333333333335,1,Semi discount chasers
CR-12580,74.40129999999999,2148.852,6,32,0.13333333333333333,0,low performing customers
CR-12625,144.7594,475.9,4,14,0.0,0,low performing customers
CR-12730,306.9176,1600.55,6,18,0.26666666666666666,3,Discount Chasers
CR-12820,83.27029999999999,1397.8724,7,26,0.13142857142857142,0,low performing customers
CS-11845,185.3776,1278.954,8,22,0.275,3,Discount Chasers
CS-11860,105.8275,537.632,7,16,0.2285714285714286,3,Discount Chasers
CS-11950,-126.4223,3036.547,22,68,0.2636363636363636,1,Semi discount chasers
CS-12130,143.8339,884.64,7,28,0.1142857142857143,0,low performing customers
CS-12175,113.1405,844.4580000000001,8,30,0.1625,0,low performing customers
CS-12250,738.3626,2754.216,28,97,0.05714285714285715,1,Semi discount chasers
CS-12355,831.9432,3202.1620000000003,22,74,0.08181818181818182,1,Semi discount chasers
CS-12400,-342.80330000000004,3651.8585000000003,14,47,0.21428571428571427,1,Semi discount chasers
CS-12460,156.2593,550.644,6,13,0.06666666666666667,0,low performing customers
CS-12490,-302.8761,1077.2285,9,33,0.25,3,Discount Chasers
CS-12505,-6626.389499999999,5690.054999999999,9,40,0.19999999999999998,3,Discount Chasers
CT-11995,161.22629999999995,3241.898,18,60,0.16111111111111112,1,Semi discount chasers
CV-12295,493.0861,2830.6279999999997,13,54,0.07692307692307693,0,low performing customers
CV-12805,98.99749999999999,2370.3136,19,62,0.2431578947368421,1,Semi discount chasers
CW-11905,370.8298,1136.592,11,40,0.09090909090909091,0,low performing customers
CY-12745,60.64670000000001,2900.026,11,43,0.2,3,Discount Chasers
Co-12640,205.62820000000002,1300.076,8,30,0.175,0,low performing customers
DA-13450,56.7904,156.76,8,27,0.125,0,low performing customers
DB-12910,431.3748,2171.599,12,47,0.15416666666666667,0,low performing customers
DB-12970,213.00289999999998,2839.2272,14,43,0.16571428571428573,0,low performing customers
DB-13060,473.0272,4531.646,13,48,0.1846153846153846,1,Semi discount chasers
DB-13120,-1421.7692,2973.094,14,59,0.14285714285714285,1,Semi discount chasers
DB-13210,169.9679,2332.577,21,75,0.18571428571428572,1,Semi discount chasers
DB-13270,841.8263999999999,4655.897,13,52,0.2076923076923077,1,Semi discount chasers
DB-13360,291.0085,1081.466,6,28,0.08333333333333333,0,low performing customers
DB-13405,438.9092,1711.692,14,62,0.028571428571428574,0,low performing customers
DB-13555,109.32700000000001,3908.8028,14,61,0.15142857142857144,1,Semi discount chasers
DB-13615,438.80119999999994,1989.05,11,41,0.14545454545454548,0,low performing customers
DB-13660,177.67350000000002,1155.202,10,33,0.16,0,low performing customers
DC-12850,-1441.6312999999998,3336.168,18,64,0.21111111111111114,1,Semi discount chasers
DC-13285,132.06820000000002,1174.618,7,37,0.07857142857142858,0,low performing customers
DD-13570,36.4344,269.542,9,33,0.24444444444444446,3,Discount Chasers
DE-13255,464.47139999999996,2550.874,9,38,0.1111111111111111,0,low performing customers
DF-13135,-259.3097,2390.534,6,23,0.2833333333333334,3,Discount Chasers
DG-13300,562.7761,3195.818,8,39,0.1,0,low performing customers
DH-13075,1193.7404,4932.872,23,81,0.0782608695652174,1,Semi discount chasers
DH-13675,116.667,1043.096,11,41,0.12272727272727274,0,low performing customers
DJ-13420,483.03499999999997,2012.52,5,20,0.0,0,low performing customers
DJ-13510,345.2521,2501.6879999999996,13,52,0.06923076923076923,0,low performing customers
DJ-13630,731.5644,3356.398,8,43,0.0625,0,low performing customers
DK-12835,881.1228000000001,3256.48,27,86,0.17777777777777778,1,Semi discount chasers
DK-12895,937.6496,4282.176,15,65,0.08000000000000002,1,Semi discount chasers
DK-12985,-107.35379999999998,1687.04,8,32,0.1625,0,low performing customers
DK-13090,536.3935,2650.557,13,33,0.13846153846153847,0,low performing customers
DK-13150,249.9447,797.832,5,20,0.12000000000000002,0,low performing customers
DK-13225,209.89940000000004,4802.394,19,70,0.19473684210526318,1,Semi discount chasers
DK-13375,377.0799,3318.486,23,77,0.10869565217391304,1,Semi discount chasers
DL-12865,322.2449,1503.112,14,51,0.15,0,low performing customers
DL-12925,4.213200000000029,3272.2,14,43,0.03571428571428571,0,low performing customers
DL-13315,288.8732,1458.258,17,74,0.1823529411764706,1,Semi discount chasers
DL-13330,222.6812,585.02,8,32,0.05,0,low performing customers
DL-13495,-52.78799999999997,3539.322,12,33,0.05000000000000001,0,low performing customers
DM-12955,108.7583,1322.034,9,28,0.16666666666666666,0,low performing customers
DM-13015,1677.3931,6345.103,20,87,0.22999999999999998,2,High paying customers
DM-13345,1319.0586,4074.4719999999998,13,41,0.1,0,low performing customers
DM-13525,199.7688,1376.792,10,33,0.16999999999999998,0,low performing customers
DN-13690,540.5405000000001,2139.79,11,41,0.018181818181818184,0,low performing customers
DO-13435,-38.90860000000001,1300.0315,13,48,0.15769230769230771,0,low performing customers
DO-13645,294.0676,1267.316,11,36,0.09090909090909091,0,low performing customers
DP-13000,241.4524,1050.636,17,58,0.2117647058823529,1,Semi discount chasers
DP-13105,563.1761,2215.002,14,63,0.1142857142857143,1,Semi discount chasers
DP-13165,-40.93759999999999,1058.616,4,20,0.15000000000000002,0,low performing customers
DP-13390,1571.8318,5480.723999999999,14,50,0.18571428571428572,1,Semi discount chasers
DR-12880,1641.8613,6528.034000000001,24,103,0.13333333333333333,2,High paying customers
DR-12940,2869.0759999999996,8350.868,13,57,0.15384615384615383,2,High paying customers
DS-13030,193.3319,1762.213,19,54,0.1394736842105263,1,Semi discount chasers
DS-13180,163.6993,2881.8128,20,68,0.15350000000000003,1,Semi discount chasers
DV-13045,-427.184,1119.483,9,28,0.17222222222222222,3,Discount Chasers
DV-13465,353.2127,3341.587,15,62,0.11333333333333334,1,Semi discount chasers
DW-13195,-86.87379999999999,1080.751,9,39,0.24444444444444446,3,Discount Chasers
DW-13480,1348.7556,5271.628,11,38,0.03636363636363637,0,low performing customers
DW-13540,69.6672,344.08,9,21,0.17777777777777778,3,Discount Chasers
DW-13585,-266.8966,1204.854,10,44,0.17,0,low performing customers
Dl-13600,175.2388,755.602,6,19,0.21666666666666667,3,Discount Chasers
Dp-13240,333.36479999999995,7198.7609999999995,29,99,0.18620689655172415,1,Semi discount chasers
EA-14035,-52.74059999999998,2846.705,25,87,0.3,1,Semi discount chasers
EB-13705,13.621500000000005,3644.978,12,55,0.25833333333333336,3,Discount Chasers
EB-13750,-80.28599999999999,3236.314,20,91,0.145,1,Semi discount chasers
EB-13840,656.1988,4358.128,8,41,0.125,0,low performing customers
EB-13870,261.5315,2767.219,11,41,0.29090909090909095,3,Discount Chasers
EB-13930,0.6042000000000058,944.6000000000001,7,24,0.17142857142857143,3,Discount Chasers
EB-13975,162.8781,1643.255,6,18,0.2833333333333333,3,Discount Chasers
EB-14110,184.7656,3071.126,11,30,0.2090909090909091,3,Discount Chasers
EB-14170,282.1701,1186.326,7,20,0.2285714285714286,3,Discount Chasers
EC-14050,96.4256,461.914,7,37,0.09999999999999999,0,low performing customers
ED-13885,670.4435000000001,3484.92,14,54,0.21428571428571427,1,Semi discount chasers
EG-13900,104.2656,1832.02,9,44,0.2,3,Discount Chasers
EH-13765,1393.5154,10310.880000000001,32,120,0.07187500000000001,2,High paying customers
EH-13945,53.53980000000001,684.1709999999999,17,72,0.29411764705882354,1,Semi discount chasers
EH-13990,150.3759,825.9499999999999,8,20,0.0625,0,low performing customers
EH-14005,-94.14079999999997,1219.53,11,50,0.17272727272727273,0,low performing customers
EH-14125,96.27019999999999,3082.653,18,76,0.20555555555555557,1,Semi discount chasers
EH-14185,242.1107,923.884,8,22,0.28750000000000003,3,Discount Chasers
EJ-13720,387.0176,2162.174,8,31,0.175,0,low performing customers
EJ-14155,451.87550000000005,2656.691,8,31,0.0625,0,low performing customers
EK-13795,97.10659999999999,1303.478,4,18,0.0875,0,low performing customers
EL-13735,27.1154,124.28,2,9,0.0,0,low performing customers
EM-13810,-133.8275,2567.0099999999998,7,23,0.14285714285714285,0,low performing customers
EM-13825,682.5541999999999,2339.598,16,57,0.0625,1,Semi discount chasers
EM-13960,102.29599999999999,933.704,6,18,0.2333333333333333,3,Discount Chasers
EM-14065,40.15459999999999,228.99,6,22,0.25,3,Discount Chasers
EM-14095,240.2362,1041.0420000000001,10,34,0.1,0,low performing customers
EM-14140,1319.3655,4588.436000000001,21,74,0.06666666666666668,1,Semi discount chasers
EM-14200,21.7721,366.822,4,13,0.125,0,low performing customers
EN-13780,496.1131,2199.366,9,27,0.044444444444444446,0,low performing customers
EP-13915,144.9578,5478.0608,31,124,0.19741935483870968,1,Semi discount chasers
ER-13855,-295.7398,1245.788,5,27,0.2,3,Discount Chasers
ES-14020,1003.2935,3510.4579999999996,8,31,0.125,0,low performing customers
ES-14080,246.6661,4657.924,20,77,0.26,1,Semi discount chasers
FA-14230,520.5229,2984.054,17,58,0.25882352941176473,1,Semi discount chasers
FC-14245,1217.1662000000001,3418.742,14,50,0.1357142857142857,1,Semi discount chasers
FC-14335,714.2926,3889.366,10,37,0.16,0,low performing customers
FG-14260,394.73969999999997,1383.144,11,48,0.11818181818181818,0,low performing customers
FH-14275,1073.2676,4256.272,21,65,0.1285714285714286,1,Semi discount chasers
FH-14350,706.289,2271.284,14,52,0.10714285714285714,0,low performing customers
FH-14365,2050.2826,6987.196,13,52,0.13846153846153847,2,High paying customers
FM-14215,249.6808,2456.638,15,48,0.09333333333333334,0,low performing customers
FM-14290,198.10949999999997,3736.198,20,79,0.18,1,Semi discount chasers
FM-14380,191.4898,2523.266,14,53,0.15714285714285717,1,Semi discount chasers
FO-14305,215.59689999999998,2678.438,15,60,0.22,1,Semi discount chasers
FP-14320,406.44730000000004,4046.746,14,54,0.13571428571428573,1,Semi discount chasers
FW-14395,23.491300000000003,79.75,3,9,0.0,0,low performing customers
GA-14515,840.899,3919.7760000000003,14,48,0.0642857142857143,0,low performing customers
GA-14725,136.70790000000002,1398.382,22,79,0.17954545454545456,1,Semi discount chasers
GB-14530,7.837100000000003,1568.44,20,62,0.16999999999999998,1,Semi discount chasers
GB-14575,1135.8393,4716.288,16,63,0.037500000000000006,1,Semi discount chasers
GD-14590,230.93729999999996,1888.07,6,25,0.13333333333333333,0,low performing customers
GG-14650,12.698500000000008,2224.0,24,92,0.15,1,Semi discount chasers
GH-14410,-576.8335,2819.4669999999996,17,65,0.27058823529411763,1,Semi discount chasers
GH-14425,1176.4181,4172.8460000000005,10,51,0.19,0,low performing customers
GH-14485,-95.4498,1361.2440000000001,3,15,0.4666666666666666,3,Discount Chasers
GH-14665,-5.810200000000001,146.94080000000002,3,9,0.24,3,Discount Chasers
GK-14620,1448.5525,6497.27,14,66,0.15714285714285717,2,High paying customers
GM-14440,347.266,3582.8199999999997,11,43,0.11818181818181818,0,low performing customers
GM-14455,793.2814000000001,3078.624,12,54,0.16666666666666666,1,Semi discount chasers
GM-14500,441.3185,1255.682,13,53,0.11538461538461539,0,low performing customers
GM-14680,35.48649999999999,3163.628,11,31,0.14545454545454548,0,low performing customers
GM-14695,188.7235,6049.966,11,44,0.05454545454545456,0,low performing customers
GP-14740,31.837600000000002,236.53,5,21,0.13999999999999999,0,low performing customers
GR-14560,359.83320000000003,1284.38,5,23,0.0,0,low performing customers
GT-14635,-4108.6589,9351.212,6,26,0.25,3,Discount Chasers
GT-14710,2163.4269,11820.119999999999,29,106,0.1,2,High paying customers
GT-14755,-6.139200000000002,226.436,7,23,0.2,3,Discount Chasers
GW-14605,-268.54229999999995,2189.019,9,43,0.15555555555555556,0,low performing customers
GZ-14470,1087.7539,4355.150000000001,14,48,0.07857142857142858,0,low performing customers
GZ-14545,828.661,2454.6220000000003,5,25,0.04,0,low performing customers
HA-14905,270.8574,2163.3,10,45,0.22999999999999998,3,Discount Chasers
HA-14920,99.1445,2584.158,18,72,0.2,1,Semi discount chasers
HD-14785,-135.87599999999998,251.36,7,31,0.3,3,Discount Chasers
HE-14800,274.4028,883.5319999999999,11,44,0.018181818181818184,0,low performing customers
HF-14995,-13.876799999999989,2533.1639999999998,19,70,0.13157894736842105,1,Semi discount chasers
HG-14845,147.0032,785.628,10,31,0.19,3,Discount Chasers
HG-14965,-2797.9635000000003,3247.642,17,68,0.17058823529411765,1,Semi discount chasers
HG-15025,804.6113,3690.284,11,38,0.17272727272727273,0,low performing customers
HH-15010,86.7342,218.668,6,20,0.03333333333333333,0,low performing customers
HJ-14875,98.6548,358.1,6,21,0.10000000000000002,0,low performing customers
HK-14890,956.9451,4877.784,15,64,0.21333333333333335,1,Semi discount chasers
HL-15040,5622.4292000000005,12873.297999999999,11,50,0.018181818181818184,2,High paying customers
HM-14860,2437.9836,8236.7648,20,76,0.231,2,High paying customers
HM-14980,117.2755,736.276,7,29,0.17142857142857146,0,low performing customers
HP-14815,373.8637,1990.314,10,44,0.3,3,Discount Chasers
HR-14770,185.5794,1299.288,13,38,0.04615384615384616,0,low performing customers
HR-14830,1196.9504,5248.787,14,51,0.09999999999999999,1,Semi discount chasers
HW-14935,2164.1611,9300.254,20,85,0.045,2,High paying customers
HZ-14950,-130.3879,886.52,6,21,0.19999999999999998,3,Discount Chasers
IG-15085,320.4982,744.574,7,19,0.028571428571428574,0,low performing customers
IL-15100,1121.937,5040.736,14,60,0.07142857142857142,1,Semi discount chasers
IM-15055,975.7701,2872.63,4,19,0.1,0,low performing customers
IM-15070,514.6527,4930.474,21,93,0.16666666666666666,1,Semi discount chasers
JA-15970,-819.4217000000001,6491.026,24,87,0.2125,1,Semi discount chasers
JB-15400,156.05319999999998,1791.605,16,43,0.20625000000000002,1,Semi discount chasers
JB-15925,-286.9808,900.552,8,32,0.3,3,Discount Chasers
JB-16000,126.76490000000001,644.1188,7,32,0.07428571428571429,0,low performing customers
JB-16045,201.51850000000002,2518.115,9,32,0.1888888888888889,3,Discount Chasers
JC-15340,-0.35560000000000036,71.263,4,12,0.22499999999999998,3,Discount Chasers
JC-15385,502.92440000000005,1058.108,4,14,0.05,0,low performing customers
JC-15775,279.56919999999997,2772.055,16,64,0.12187500000000001,1,Semi discount chasers
JC-16105,201.5952,858.576,9,43,0.044444444444444446,0,low performing customers
JD-15790,-266.55249999999995,2152.352,7,26,0.17142857142857146,3,Discount Chasers
JD-15895,1050.2667999999999,7610.8640000000005,32,150,0.075,2,High paying customers
JD-16015,26.7605,385.43,11,39,0.3090909090909091,3,Discount Chasers
JD-16060,111.11410000000001,695.442,6,17,0.049999999999999996,0,low performing customers
JD-16150,1619.5199,8828.0305,17,60,0.05588235294117647,2,High paying customers
JE-15475,276.2197,1388.682,13,49,0.18461538461538465,0,low performing customers
JE-15610,1623.4019,7754.976,20,74,0.16,2,High paying customers
JE-15715,1262.2926,8697.842999999999,22,97,0.3227272727272727,2,High paying customers
JE-15745,221.79670000000002,6760.8150000000005,23,90,0.14565217391304347,1,Semi discount chasers
JE-16165,789.6476,2697.248,7,34,0.028571428571428574,0,low performing customers
JF-15190,575.1259,2279.5860000000002,19,72,0.12105263157894736,1,Semi discount chasers
JF-15295,97.28899999999999,955.124,14,42,0.1142857142857143,0,low performing customers
JF-15355,330.199,1911.844,16,58,0.07500000000000001,1,Semi discount chasers
JF-15415,635.6376,2371.448,14,69,0.07142857142857142,1,Semi discount chasers
JF-15490,-18.06730000000001,1082.918,15,36,0.14666666666666667,0,low performing customers
JF-15565,1073.2088,4198.332,16,67,0.17500000000000002,1,Semi discount chasers
JG-15115,684.1911,2358.676,7,20,0.24285714285714288,3,Discount Chasers
JG-15160,1415.6664,6366.392,18,70,0.1111111111111111,2,High paying customers
JG-15310,3.7976000000000063,2240.58,11,46,0.2545454545454545,3,Discount Chasers
JG-15805,206.1019,1507.018,9,46,0.06666666666666668,0,low performing customers
JH-15430,-24.077100000000005,309.281,7,29,0.31428571428571433,3,Discount Chasers
JH-15820,26.082199999999997,528.91,8,29,0.15000000000000002,0,low performing customers
JH-15910,-13.554499999999996,959.477,9,35,0.14444444444444446,0,low performing customers
JH-15985,-644.6982,7954.9980000000005,14,64,0.08571428571428573,1,Semi discount chasers
JH-16180,-96.95300000000002,2256.3940000000002,5,28,0.22000000000000003,3,Discount Chasers
JJ-15445,200.5558,709.178,6,25,0.06666666666666667,0,low performing customers
JJ-15760,34.449200000000005,195.0,3,11,0.06666666666666667,0,low performing customers
JK-15205,1219.983,4427.142,13,67,0.13076923076923078,1,Semi discount chasers
JK-15325,55.32769999999999,383.812,4,15,0.1,0,low performing customers
JK-15370,330.2838,2709.632,17,72,0.12352941176470589,1,Semi discount chasers
JK-15625,750.9485,3760.028,12,44,0.11666666666666668,0,low performing customers
JK-15640,1172.5303,4760.434,12,41,0.10000000000000002,0,low performing customers
JK-15730,55.0483,4867.2,20,88,0.3325,1,Semi discount chasers
JK-16090,586.6625,3747.668,9,43,0.19999999999999998,3,Discount Chasers
JK-16120,122.6566,2932.484,17,49,0.20588235294117646,1,Semi discount chasers
JL-15130,-207.79559999999998,1214.956,12,42,0.26666666666666666,3,Discount Chasers
JL-15175,209.2817,1571.523,7,29,0.21428571428571427,3,Discount Chasers
JL-15235,54.51740000000002,2203.7,10,39,0.22000000000000003,3,Discount Chasers
JL-15505,591.7163,3173.874,17,56,0.07058823529411766,1,Semi discount chasers
JL-15835,228.907,9799.923,34,143,0.08823529411764706,2,High paying customers
JL-15850,779.9046,2725.256,11,38,0.23636363636363636,3,Discount Chasers
JM-15250,19.82350000000004,3159.1220000000003,19,91,0.2894736842105263,1,Semi discount chasers
JM-15265,502.6143,1804.146,13,52,0.13846153846153847,0,low performing customers
JM-15535,356.5395,1733.443,10,46,0.09,0,low performing customers
JM-15580,113.1204,303.948,7,26,0.1142857142857143,0,low performing customers
JM-15655,117.20400000000001,864.947,12,41,0.15833333333333335,0,low performing customers
JM-15865,1574.6163999999999,7625.076000000001,13,50,0.1846153846153846,2,High paying customers
JM-16195,754.1144,2833.9260000000004,19,74,0.06315789473684212,1,Semi discount chasers
JO-15145,581.4045,3254.949,13,59,0.07307692307692308,0,low performing customers
JO-15280,202.13619999999997,1934.272,11,36,0.17272727272727273,0,low performing customers
JO-15550,167.6709,1090.838,11,42,0.23636363636363636,3,Discount Chasers
JP-15460,429.7465,1669.135,15,54,0.14,1,Semi discount chasers
JP-15520,757.1802,3635.594,16,63,0.059375000000000004,1,Semi discount chasers
JP-16135,309.7116,1707.71,13,47,0.15384615384615385,0,low performing customers
JR-15670,-785.1645,1156.658,3,14,0.3,3,Discount Chasers
JR-15700,107.985,863.88,1,3,0.2,3,Discount Chasers
JR-16210,452.37300000000005,2201.686,10,41,0.22000000000000003,3,Discount Chasers
JS-15595,-175.54899999999998,1417.654,8,35,0.3125,3,Discount Chasers
JS-15685,-54.8692,1131.0639999999999,11,42,0.20909090909090908,3,Discount Chasers
JS-15880,564.9798000000001,3868.02,9,43,0.14666666666666667,0,low performing customers
JS-15940,-327.9336,469.169,8,37,0.3375,3,Discount Chasers
JS-16030,-311.25749999999994,2516.494,18,70,0.18333333333333332,1,Semi discount chasers
JW-15220,2173.7093999999997,7721.714,14,66,0.07142857142857142,2,High paying customers
JW-15955,-29.575899999999987,1244.086,11,41,0.08181818181818182,0,low performing customers
JW-16075,154.06369999999998,1428.731,7,38,0.32857142857142857,3,Discount Chasers
KA-16525,234.9194,1519.506,11,57,0.05454545454545456,0,low performing customers
KB-16240,763.9076,3152.6150000000002,10,34,0.15,0,low performing customers
KB-16315,49.71929999999999,1569.464,22,62,0.19545454545454544,1,Semi discount chasers
KB-16405,274.297,908.821,9,25,0.044444444444444446,0,low performing customers
KB-16585,579.3551,2744.742,23,102,0.10869565217391304,1,Semi discount chasers
KB-16600,293.55240000000003,983.922,9,29,0.2666666666666667,3,Discount Chasers
KC-16255,846.1217,2120.954,10,40,0.02,0,low performing customers
KC-16540,709.4219,3908.262,5,28,0.2,3,Discount Chasers
KC-16675,156.7797,1146.05,7,40,0.08571428571428573,0,low performing customers
KD-16270,1107.6952000000003,8282.358,16,64,0.1875,2,High paying customers
KD-16345,328.5942,1888.964,10,36,0.13,0,low performing customers
KD-16495,3038.6254,8181.256,28,84,0.08750000000000001,2,High paying customers
KD-16615,539.7219,2243.5099999999998,13,56,0.1076923076923077,0,low performing customers
KE-16420,397.87989999999996,1686.7312,15,67,0.21466666666666667,1,Semi discount chasers
KF-16285,1660.1386,10604.266,18,67,0.03333333333333334,2,High paying customers
KH-16330,454.7871,3312.864,18,70,0.1388888888888889,1,Semi discount chasers
KH-16360,528.2051,3100.612,14,40,0.15,0,low performing customers
KH-16510,656.1162,5952.859,23,91,0.10869565217391304,1,Semi discount chasers
KH-16630,727.3786,3918.9660000000003,17,84,0.10588235294117647,1,Semi discount chasers
KH-16690,1227.5091,5990.799,15,69,0.12666666666666665,1,Semi discount chasers
KL-16555,-182.78130000000002,5016.488,22,84,0.29545454545454547,1,Semi discount chasers
KL-16645,806.855,14175.229000000001,29,113,0.19999999999999998,2,High paying customers
KM-16225,635.1057000000001,2260.958,19,72,0.021052631578947368,1,Semi discount chasers
KM-16375,973.7901999999999,5620.186,20,69,0.13999999999999999,1,Semi discount chasers
KM-16660,91.1391,453.538,9,30,0.044444444444444446,0,low performing customers
KM-16720,745.7685,4909.472,28,98,0.08928571428571429,1,Semi discount chasers
KN-16390,-151.1518,2617.272,17,56,0.21764705882352942,1,Semi discount chasers
KN-16450,114.3083,2171.962,8,49,0.28125,3,Discount Chasers
KN-16705,329.76250000000005,2280.58,15,55,0.12000000000000001,1,Semi discount chasers
KS-16300,0.11099999999999888,88.472,4,10,0.275,3,Discount Chasers
KT-16465,254.0032,3057.1,14,45,0.2285714285714286,3,Discount Chasers
KT-16480,194.0671,4642.088400000001,13,37,0.14769230769230768,0,low performing customers
KW-16435,1756.135,4416.5199999999995,10,42,0.11000000000000001,0,low performing customers
KW-16570,107.92699999999999,449.096,5,22,0.04,0,low performing customers
LA-16780,2059.1199,8673.222,26,105,0.11538461538461539,2,High paying customers
LB-16735,18.6507,50.188,3,12,0.26666666666666666,3,Discount Chasers
LB-16795,-28.073400000000056,4422.932,22,72,0.2318181818181818,1,Semi discount chasers
LC-16870,-212.87570000000002,2401.616,28,99,0.24285714285714288,1,Semi discount chasers
LC-16885,1288.3469,7663.126,23,93,0.1565217391304348,2,High paying customers
LC-16930,288.26599999999996,4492.946,14,52,0.17142857142857143,1,Semi discount chasers
LC-16960,299.48019999999997,3246.626,7,30,0.2857142857142857,3,Discount Chasers
LC-17050,86.77799999999999,2095.064,9,43,0.27222222222222225,3,Discount Chasers
LC-17140,-18.025399999999998,1774.4419999999998,17,53,0.20588235294117646,1,Semi discount chasers
LD-16855,0.4641,5.304,1,3,0.2,3,Discount Chasers
LD-17005,557.1714,1961.934,7,25,0.028571428571428574,0,low performing customers
LE-16810,161.76489999999998,1469.45,9,32,0.2555555555555556,3,Discount Chasers
LF-17185,-3583.977,3930.5089999999996,16,69,0.31875,3,Discount Chasers
LH-16750,12.627699999999999,287.426,3,12,0.3666666666666667,3,Discount Chasers
LH-16900,526.0727,2295.332,15,64,0.12666666666666665,1,Semi discount chasers
LH-17020,-242.73989999999998,318.239,6,34,0.4666666666666666,3,Discount Chasers
LH-17155,316.5202,1739.689,19,44,0.07894736842105263,1,Semi discount chasers
LL-16840,560.0078,2741.2039999999997,12,50,0.016666666666666666,0,low performing customers
LM-17065,-44.87799999999999,1346.774,7,32,0.05714285714285715,0,low performing customers
LO-17170,150.1712,644.35,9,34,0.25555555555555554,3,Discount Chasers
LP-17080,110.7813,756.606,9,39,0.1111111111111111,0,low performing customers
LP-17095,338.44539999999995,3653.399,15,52,0.18666666666666665,1,Semi discount chasers
LR-16915,535.4764,5142.892,16,64,0.17500000000000002,1,Semi discount chasers
LR-17035,-382.8079,1879.306,12,44,0.27499999999999997,3,Discount Chasers
LS-16945,-318.77369999999996,2845.27,14,51,0.3071428571428571,3,Discount Chasers
LS-16975,262.63669999999996,2988.674,22,63,0.2818181818181818,1,Semi discount chasers
LS-17200,244.197,1010.2560000000001,14,54,0.2,1,Semi discount chasers
LS-17230,39.1952,368.88000000000005,6,16,0.11666666666666665,0,low performing customers
LS-17245,348.3584,1008.1360000000001,12,47,0.08333333333333333,0,low performing customers
LT-16765,59.036,329.876,3,8,0.13333333333333333,0,low performing customers
LT-17110,320.973,2936.252,14,63,0.24642857142857144,1,Semi discount chasers
LW-16825,32.5767,2238.061,15,50,0.20666666666666667,1,Semi discount chasers
LW-16990,662.8339000000001,3230.308,11,38,0.10909090909090911,0,low performing customers
LW-17125,192.6312,1259.04,5,15,0.0,0,low performing customers
LW-17215,837.2411,5420.514,15,59,0.16666666666666666,1,Semi discount chasers
MA-17560,1240.2266,4299.161,34,117,0.09411764705882353,2,High paying customers
MA-17995,280.7822,2453.284,12,42,0.041666666666666664,0,low performing customers
MB-17305,212.425,1548.702,19,63,0.17368421052631577,1,Semi discount chasers
MB-18085,117.8057,1428.231,10,39,0.2,3,Discount Chasers
MC-17275,461.0014,2725.982,13,54,0.13076923076923078,1,Semi discount chasers
MC-17425,1802.3903,4432.138,10,48,0.12,0,low performing customers
MC-17575,210.7493,1303.893,11,40,0.29090909090909095,3,Discount Chasers
MC-17590,288.98409999999996,2426.067,17,47,0.17058823529411765,1,Semi discount chasers
MC-17605,195.4486,2258.192,18,60,0.2222222222222222,1,Semi discount chasers
MC-17635,-247.94350000000003,795.154,8,33,0.17500000000000002,3,Discount Chasers
MC-17845,698.4174,3805.714,14,45,0.09999999999999999,0,low performing customers
MC-18100,-64.1668,2218.98,19,73,0.26842105263157895,1,Semi discount chasers
MC-18130,121.7565,1581.9979999999998,11,34,0.05454545454545456,0,low performing customers
MD-17350,-241.94999999999996,3766.382,17,64,0.32941176470588235,1,Semi discount chasers
MD-17860,-4.040300000000002,1204.91,8,45,0.2875,3,Discount Chasers
ME-17320,1859.4695,10663.728000000001,22,82,0.1318181818181818,2,High paying customers
ME-17725,77.81280000000001,1908.4532,13,46,0.2246153846153846,3,Discount Chasers
ME-18010,107.3604,1256.944,6,15,0.16666666666666666,0,low performing customers
MF-17665,-341.52650000000006,937.039,8,36,0.13749999999999998,0,low performing customers
MF-18250,456.86080000000004,1758.3,12,38,0.06666666666666667,0,low performing customers
MG-17650,341.898,3785.276,14,57,0.1285714285714286,1,Semi discount chasers
MG-17680,25.888599999999972,2350.188,10,25,0.225,3,Discount Chasers
MG-17695,-398.79319999999996,1342.282,7,23,0.2571428571428572,3,Discount Chasers
MG-17875,-470.7684,1242.8329999999999,7,23,0.24285714285714288,3,Discount Chasers
MG-17890,171.7372,776.384,13,35,0.11923076923076924,0,low performing customers
MG-18145,-93.603,3061.543,8,42,0.1875,3,Discount Chasers
MG-18205,-1.2453,16.739,2,8,0.44999999999999996,3,Discount Chasers
MH-17290,28.761200000000038,2394.025,13,55,0.18846153846153849,1,Semi discount chasers
MH-17440,61.428599999999996,400.016,9,25,0.07777777777777778,0,low performing customers
MH-17455,484.77330000000006,2456.1820000000002,11,45,0.16363636363636364,0,low performing customers
MH-17620,122.3612,1252.8,6,19,0.23333333333333336,3,Discount Chasers
MH-17785,238.5614,2203.7780000000002,11,42,0.07272727272727274,0,low performing customers
MH-18025,476.9032,2984.948,10,31,0.13,0,low performing customers
MH-18115,170.9746,5503.093,22,79,0.16818181818181818,1,Semi discount chasers
MJ-17740,1054.5529000000001,6320.746,15,50,0.21333333333333335,1,Semi discount chasers
MK-17905,-405.3559,2302.368,17,73,0.3,1,Semi discount chasers
MK-18160,227.83380000000002,1031.602,11,43,0.0818181818181818,0,low performing customers
ML-17395,684.9162,2722.843,20,72,0.17250000000000001,1,Semi discount chasers
ML-17410,-76.17550000000003,2921.5,15,51,0.16666666666666666,1,Semi discount chasers
ML-17755,409.51120000000003,2071.9139999999998,13,53,0.1076923076923077,0,low performing customers
ML-18040,138.71620000000001,742.082,4,18,0.25,3,Discount Chasers
ML-18265,42.6648,162.232,3,7,0.06666666666666667,0,low performing customers
MM-17260,178.402,1314.023,6,17,0.13333333333333333,0,low performing customers
MM-17920,82.12499999999997,3794.0800000000004,16,68,0.18125,1,Semi discount chasers
MM-18055,-520.3443,2749.881,19,73,0.21052631578947367,1,Semi discount chasers
MM-18280,58.8916,775.414,12,32,0.14166666666666666,0,low performing customers
MN-17935,290.8227,2477.946,10,36,0.26,3,Discount Chasers
MO-17500,59.357699999999994,922.487,5,15,0.22000000000000003,3,Discount Chasers
MO-17800,169.34369999999998,1687.0269999999998,11,49,0.16363636363636364,0,low performing customers
MO-17950,-82.0074,154.288,4,14,0.35000000000000003,3,Discount Chasers
MP-17470,600.2873,3206.132,14,77,0.12142857142857144,1,Semi discount chasers
MP-17965,638.1563,3983.6420000000003,20,62,0.255,1,Semi discount chasers
MP-18175,226.4529,5087.92,19,78,0.15526315789473685,1,Semi discount chasers
MR-17545,162.9363,639.178,6,29,0.20000000000000004,3,Discount Chasers
MS-17365,844.9354999999998,7443.6900000000005,24,105,0.16041666666666668,2,High paying customers
MS-17530,84.0268,475.65599999999995,7,21,0.15714285714285717,0,low performing customers
MS-17710,247.4348,1613.402,15,48,0.22,1,Semi discount chasers
MS-17770,280.85839999999996,3144.678,19,73,0.09999999999999999,1,Semi discount chasers
MS-17830,19.431199999999997,370.348,5,14,0.18,3,Discount Chasers
MS-17980,55.226,855.116,11,49,0.17272727272727273,0,low performing customers
MT-17815,509.0068,2890.139,10,31,0.12999999999999998,0,low performing customers
MT-18070,-23.676300000000005,1319.4498,11,44,0.2427272727272727,3,Discount Chasers
MV-17485,189.0258,1560.05,15,52,0.24000000000000002,1,Semi discount chasers
MV-18190,273.8582,1734.574,11,37,0.08636363636363636,0,low performing customers
MW-18220,1238.422,5341.900000000001,14,51,0.07857142857142858,1,Semi discount chasers
MW-18235,1665.516,5253.876,3,13,0.06666666666666667,0,low performing customers
MY-17380,319.1211,2254.285,13,49,0.3076923076923077,3,Discount Chasers
MY-18295,-371.7111,4152.696,21,89,0.2438095238095238,1,Semi discount chasers
MZ-17335,85.01910000000001,593.606,6,11,0.06666666666666667,0,low performing customers
MZ-17515,787.7503,2564.906,10,39,0.27999999999999997,3,Discount Chasers
NB-18580,24.788800000000002,273.87199999999996,2,7,0.1,0,low performing customers
NB-18655,117.6429,1972.599,17,64,0.1735294117647059,1,Semi discount chasers
NC-18340,580.3075,2461.404,17,54,0.0411764705882353,1,Semi discount chasers
NC-18415,-2204.8072,2218.9900000000002,14,38,0.2642857142857143,3,Discount Chasers
NC-18535,1314.758,8241.739,15,64,0.13666666666666666,2,High paying customers
NC-18625,-359.02099999999996,1821.742,9,29,0.24444444444444446,3,Discount Chasers
ND-18370,353.64549999999997,4326.139,18,63,0.21111111111111114,1,Semi discount chasers
ND-18460,443.33680000000004,2893.455,8,36,0.0875,0,low performing customers
NF-18385,-1695.9714,8322.826,14,52,0.25,1,Semi discount chasers
NF-18475,85.92779999999999,377.16200000000003,4,13,0.25,3,Discount Chasers
NF-18595,388.2131,2031.472,12,55,0.11666666666666668,0,low performing customers
NG-18355,313.63349999999997,1869.58,16,45,0.08750000000000001,0,low performing customers
NG-18430,217.0893,1395.9379999999999,9,41,0.1111111111111111,0,low performing customers
NH-18610,760.1666,2673.29,11,52,0.05454545454545456,0,low performing customers
NK-18490,121.2177,572.048,11,51,0.1272727272727273,0,low performing customers
NL-18310,343.6381,1418.0900000000001,10,44,0.06000000000000001,0,low performing customers
NM-18445,2751.6848999999997,6459.344,14,44,0.042857142857142864,2,High paying customers
NM-18520,788.9525000000001,2161.979,15,60,0.26,1,Semi discount chasers
NP-18325,1208.8890000000001,5529.62,21,77,0.05714285714285715,1,Semi discount chasers
NP-18670,514.6002,3908.402,10,46,0.02,0,low performing customers
NP-18685,514.5017,1228.698,7,23,0.18571428571428572,3,Discount Chasers
NP-18700,631.2282,7903.1825,13,63,0.19615384615384618,1,Semi discount chasers
NR-18550,-25.148799999999966,2367.277,13,37,0.22307692307692306,3,Discount Chasers
NS-18505,-12.303999999999997,2575.863,15,52,0.20666666666666667,1,Semi discount chasers
NS-18640,-234.7714,2964.823,26,113,0.21538461538461537,1,Semi discount chasers
NW-18400,1023.123,7234.014,22,78,0.21363636363636365,2,High paying customers
NZ-18565,402.4236,2488.31,20,77,0.175,1,Semi discount chasers
ON-18715,-5.88900000000001,1567.52,15,58,0.16,1,Semi discount chasers
OT-18730,-925.1203,3818.624,10,51,0.15999999999999998,0,low performing customers
PA-19060,225.8588,729.408,7,27,0.1857142857142857,3,Discount Chasers
PB-18805,229.2257,740.356,10,54,0.12000000000000002,0,low performing customers
PB-19105,218.15970000000002,688.324,5,18,0.12000000000000002,0,low performing customers
PB-19150,280.6606,1456.95,11,54,0.1272727272727273,0,low performing customers
PB-19210,21.897000000000002,132.738,2,10,0.1,0,low performing customers
PC-18745,272.685,1832.064,5,22,0.22000000000000003,3,Discount Chasers
PC-19000,-184.3364,1061.488,3,18,0.13333333333333333,0,low performing customers
PF-19120,-614.2943000000001,9062.864,19,75,0.12105263157894738,1,Semi discount chasers
PF-19165,196.87389999999996,2770.0,10,34,0.05,0,low performing customers
PF-19225,591.3118000000001,2206.1279999999997,10,32,0.06000000000000001,0,low performing customers
PG-18820,137.46130000000002,3086.907,26,83,0.16923076923076924,1,Semi discount chasers
PG-18895,334.5163,1987.164,17,61,0.09411764705882353,1,Semi discount chasers
PH-18790,47.8878,729.648,2,6,0.2,3,Discount Chasers
PJ-18835,442.1355,1220.09,13,46,0.07692307692307693,0,low performing customers
PJ-19015,682.9979000000001,1824.2340000000002,10,25,0.08,0,low performing customers
PK-18910,-798.705,1441.152,3,14,0.3666666666666667,3,Discount Chasers
PK-19075,2038.2676000000001,8646.934,25,107,0.07600000000000001,2,High paying customers
PL-18925,-0.7527000000000026,239.481,8,29,0.25,3,Discount Chasers
PM-18940,157.8768,1405.402,4,16,0.15,0,low performing customers
PM-19135,526.7537,4115.662,7,36,0.1285714285714286,0,low performing customers
PN-18775,192.0396,1467.152,13,47,0.12307692307692308,0,low performing customers
PO-18850,38.47569999999996,7473.8282,22,91,0.21,1,Semi discount chasers
PO-18865,437.8533,2493.214,13,54,0.04615384615384616,0,low performing customers
PO-19180,1155.4331,4893.043,18,65,0.10555555555555557,1,Semi discount chasers
PO-19195,-49.70089999999999,1056.858,10,32,0.19,3,Discount Chasers
PP-18955,1495.0854,7252.608,34,138,0.1088235294117647,2,High paying customers
PR-18880,247.6226,1840.178,12,43,0.11666666666666668,0,low performing customers
PS-18760,-134.441,2181.479,21,75,0.22380952380952382,1,Semi discount chasers
PS-18970,198.5099,1278.639,13,52,0.05384615384615384,0,low performing customers
PS-19045,1742.7296999999999,6843.634,13,47,0.0846153846153846,2,High paying customers
PT-19090,-20.0508,160.572,7,19,0.37142857142857144,3,Discount Chasers
PV-18985,434.52840000000003,2876.046,13,52,0.08461538461538462,0,low performing customers
PW-19030,803.8169,3454.916,13,48,0.038461538461538464,0,low performing customers
PW-19240,1290.354,3922.4150000000004,12,39,0.1708333333333333,0,low performing customers
QJ-19255,1203.6768,6108.338,13,61,0.12307692307692308,1,Semi discount chasers
RA-19285,546.0882,2617.906,17,58,0.1647058823529412,1,Semi discount chasers
RA-19885,1292.8656,3832.314,15,53,0.04000000000000001,0,low performing customers
RA-19915,304.8673,4793.543,22,75,0.27954545454545454,1,Semi discount chasers
RA-19945,-445.695,1686.9225,9,27,0.31666666666666665,3,Discount Chasers
RB-19330,-164.40619999999998,1008.1959999999999,6,16,0.3166666666666667,3,Discount Chasers
RB-19360,6976.0959,15117.339,18,71,0.09444444444444444,2,High paying customers
RB-19435,477.23990000000003,2663.0860000000002,16,66,0.1625,1,Semi discount chasers
RB-19465,640.5466,4715.466,23,85,0.13478260869565217,1,Semi discount chasers
RB-19570,76.8879,528.546,9,35,0.16666666666666666,0,low performing customers
RB-19645,72.679,221.084,7,29,0.14285714285714285,0,low performing customers
RB-19705,243.07549999999998,2067.45,7,22,0.1571428571428571,0,low performing customers
RB-19795,-593.1152000000001,4932.612,16,80,0.25625,1,Semi discount chasers
RC-19825,63.991400000000006,966.409,10,29,0.11000000000000001,0,low performing customers
RC-19960,10.563300000000002,885.752,11,44,0.17272727272727273,0,low performing customers
RD-19480,480.594,4272.93,15,60,0.10666666666666667,1,Semi discount chasers
RD-19585,734.5158,2912.8940000000002,19,73,0.03157894736842106,1,Semi discount chasers
RD-19660,835.772,2786.632,5,23,0.08,0,low performing customers
RD-19720,207.3304,1419.737,20,78,0.1575,1,Semi discount chasers
RD-19810,318.4625,1137.616,16,63,0.1875,1,Semi discount chasers
RD-19900,455.5292,3133.924,21,85,0.05714285714285715,1,Semi discount chasers
RD-19930,35.05740000000001,970.9420000000001,10,33,0.31,3,Discount Chasers
RE-19405,6.045,48.36,1,5,0.2,3,Discount Chasers
RE-19450,209.2294,876.696,9,47,0.13333333333333333,0,low performing customers
RF-19345,633.7072000000001,3309.15,16,67,0.1375,1,Semi discount chasers
RF-19735,711.6168,2341.2960000000003,14,53,0.014285714285714287,0,low performing customers
RF-19840,280.0261,945.222,11,45,0.0818181818181818,0,low performing customers
RH-19495,563.7877,3621.3759999999997,8,38,0.1,0,low performing customers
RH-19510,1289.4535,6979.18,12,43,0.03333333333333333,0,low performing customers
RH-19555,0.30570000000000164,740.382,3,11,0.5333333333333333,3,Discount Chasers
RH-19600,172.6261,2085.7400000000002,11,43,0.10909090909090909,0,low performing customers
RK-19300,269.688,1460.192,8,29,0.07500000000000001,0,low performing customers
RL-19615,488.14840000000004,6234.91,24,101,0.21875,1,Semi discount chasers
RM-19375,392.1499,1453.474,9,29,0.044444444444444446,0,low performing customers
RM-19675,1902.5438000000001,5979.0960000000005,11,39,0.045454545454545456,0,low performing customers
RM-19750,28.6879,98.35,2,4,0.0,0,low performing customers
RO-19780,-1262.5716000000002,3815.478,12,48,0.2916666666666667,3,Discount Chasers
RP-19270,59.538399999999996,954.6452,12,47,0.19333333333333336,3,Discount Chasers
RP-19390,465.25030000000015,5153.084,25,88,0.14800000000000002,1,Semi discount chasers
RP-19855,594.5868,2170.716,15,61,0.13333333333333333,1,Semi discount chasers
RR-19315,-73.835,615.932,4,7,0.27499999999999997,3,Discount Chasers
RR-19525,721.6826,3302.2619999999997,10,36,0.06000000000000001,0,low performing customers
RS-19420,633.4513999999999,3221.29,9,29,0.0,0,low performing customers
RS-19765,1206.3851,4159.7699999999995,14,54,0.1142857142857143,1,Semi discount chasers
RS-19870,9.5838,22.328,3,10,0.06666666666666667,0,low performing customers
RW-19540,1586.6273,7397.401,23,89,0.13478260869565217,2,High paying customers
RW-19630,698.8325,3279.746,16,53,0.1375,1,Semi discount chasers
RW-19690,707.5503,3495.646,15,61,0.07333333333333333,1,Semi discount chasers
SA-20830,610.1496000000001,4767.3415,21,75,0.19285714285714284,1,Semi discount chasers
SB-20170,157.6658,1348.02,7,24,0.18571428571428572,3,Discount Chasers
SB-20185,885.4623999999999,6410.996,12,45,0.1416666666666667,1,Semi discount chasers
SB-20290,-2082.7451,8057.891,17,84,0.24117647058823527,1,Semi discount chasers
SC-20020,-317.0508,3362.9636,17,62,0.21882352941176472,1,Semi discount chasers
SC-20050,1011.7443,4624.572,15,61,0.18666666666666668,1,Semi discount chasers
SC-20095,5757.411899999999,14142.333999999999,22,87,0.06363636363636364,2,High paying customers
SC-20230,440.14099999999996,4371.9580000000005,11,49,0.10909090909090911,0,low performing customers
SC-20260,671.0033999999999,3729.7929999999997,18,63,0.19722222222222222,1,Semi discount chasers
SC-20305,229.1617,3979.065,12,64,0.21666666666666667,1,Semi discount chasers
SC-20380,236.66149999999996,5992.536,20,80,0.19,1,Semi discount chasers
SC-20440,379.5611,1874.998,10,44,0.27999999999999997,3,Discount Chasers
SC-20575,100.2253,902.7280000000001,7,30,0.34285714285714286,3,Discount Chasers
SC-20680,370.1578,1254.64,8,26,0.0,0,low performing customers
SC-20695,611.8291,2576.408,14,66,0.15714285714285717,1,Semi discount chasers
SC-20725,1276.6513,5226.21,26,133,0.15000000000000002,2,High paying customers
SC-20770,-671.1874,4492.657,21,75,0.30476190476190473,1,Semi discount chasers
SC-20800,51.8252,279.25600000000003,5,11,0.12000000000000002,0,low performing customers
SC-20845,31.1757,280.632,4,13,0.2,3,Discount Chasers
SD-20485,1985.1671999999999,6121.114,21,82,0.10476190476190476,2,High paying customers
SE-20110,2650.6769,12209.438000000002,19,78,0.1105263157894737,2,High paying customers
SF-20065,228.1623,763.5459999999999,9,35,0.1,0,low performing customers
SF-20200,286.9046,3422.7859999999996,15,74,0.12666666666666665,1,Semi discount chasers
SF-20965,539.9352,3336.535,17,66,0.2705882352941177,1,Semi discount chasers
SG-20080,570.438,3406.5809999999997,11,30,0.06818181818181818,0,low performing customers
SG-20470,-119.0105,1884.798,14,62,0.15,1,Semi discount chasers
SG-20605,463.269,3124.832,13,49,0.09230769230769233,0,low performing customers
SG-20890,-3.7073,47.946,5,17,0.4,3,Discount Chasers
SH-19975,558.4739999999999,3406.8395,29,113,0.13620689655172413,1,Semi discount chasers
SH-20395,-144.5229,2180.718,15,45,0.23333333333333334,3,Discount Chasers
SH-20635,260.6258,2096.392,2,16,0.2,3,Discount Chasers
SJ-20125,-23.9835,3584.216,22,88,0.2545454545454546,1,Semi discount chasers
SJ-20215,-23.5137,1341.036,10,35,0.37,3,Discount Chasers
SJ-20500,68.09629999999999,1318.776,7,30,0.14285714285714285,0,low performing customers
SK-19990,168.7933,883.409,5,19,0.22000000000000003,3,Discount Chasers
SL-20155,527.9715,3053.012,9,30,0.17777777777777778,0,low performing customers
SM-20005,-26.5927,244.49399999999997,6,26,0.26666666666666666,3,Discount Chasers
SM-20320,-1980.7393,25043.05,15,50,0.24666666666666667,2,High paying customers
SM-20905,-237.2885,1043.041,6,20,0.2833333333333333,3,Discount Chasers
SM-20950,581.5741999999999,5563.392,22,94,0.1272727272727273,1,Semi discount chasers
SN-20560,-716.8565000000001,1860.418,15,67,0.1733333333333333,1,Semi discount chasers
SN-20710,481.74989999999997,3127.9592,19,89,0.1168421052631579,1,Semi discount chasers
SO-20335,-81.0858,2602.5755,15,52,0.1366666666666667,1,Semi discount chasers
SP-20545,-118.77570000000001,1306.086,10,43,0.26,3,Discount Chasers
SP-20620,-270.42819999999995,5440.319,24,77,0.25,1,Semi discount chasers
SP-20650,268.4782,1872.4360000000001,15,71,0.15333333333333332,1,Semi discount chasers
SP-20860,566.7226,4282.94,24,80,0.20833333333333334,1,Semi discount chasers
SP-20920,14.692400000000003,3990.689,14,57,0.2714285714285714,1,Semi discount chasers
SR-20425,-3333.9144,3233.481,9,34,0.36666666666666664,3,Discount Chasers
SR-20740,1990.4243999999999,4345.8859999999995,12,50,0.03333333333333333,0,low performing customers
SS-20140,332.3487,1324.028,21,86,0.11428571428571428,1,Semi discount chasers
SS-20410,-1010.9738,3056.8070000000002,12,46,0.25833333333333336,3,Discount Chasers
SS-20515,96.3655,388.25,4,21,0.0,0,low performing customers
SS-20590,135.5401,418.49,9,17,0.0,0,low performing customers
SS-20875,-75.586,964.636,15,39,0.24000000000000002,3,Discount Chasers
ST-20530,84.4419,433.34000000000003,12,33,0.20000000000000004,3,Discount Chasers
SU-20665,763.4719,2595.364,18,61,0.13333333333333333,1,Semi discount chasers
SV-20365,1199.4242,11470.949999999999,32,109,0.15625,2,High paying customers
SV-20785,485.0272,4105.305,25,91,0.184,1,Semi discount chasers
SV-20815,199.6502,1271.0900000000001,6,24,0.19999999999999998,3,Discount Chasers
SV-20935,106.8912,1903.491,13,66,0.23076923076923078,1,Semi discount chasers
SW-20245,-19.60620000000001,1085.078,10,33,0.25999999999999995,3,Discount Chasers
SW-20275,332.8725,1966.65,7,28,0.028571428571428574,0,low performing customers
SW-20350,95.8383,1019.044,6,25,0.21666666666666667,3,Discount Chasers
SW-20455,793.6548,2921.544,9,18,0.1111111111111111,0,low performing customers
SW-20755,68.2416,758.6959999999999,8,27,0.1,0,low performing customers
SZ-20035,366.43030000000005,3625.329,20,69,0.22000000000000003,1,Semi discount chasers
TA-21385,4703.7883,14595.62,10,36,0.07999999999999999,2,High paying customers
TB-21055,390.2113,1467.881,18,66,0.05555555555555555,1,Semi discount chasers
TB-21175,829.1635,3589.296,11,36,0.09090909090909091,0,low performing customers
TB-21190,179.0038,816.1740000000001,4,23,0.025,0,low performing customers
TB-21250,260.6155,1602.376,19,74,0.2473684210526316,1,Semi discount chasers
TB-21280,490.9567,2198.45,11,35,0.1,0,low performing customers
TB-21355,268.967,834.328,13,44,0.06153846153846154,0,low performing customers
TB-21400,2798.3689,9133.99,17,55,0.07058823529411766,2,High paying customers
TB-21520,-1603.0451,4737.486,20,85,0.265,1,Semi discount chasers
TB-21595,-136.4091,1387.559,7,29,0.2714285714285714,3,Discount Chasers
TB-21625,379.882,2797.668,15,60,0.14,1,Semi discount chasers
TC-20980,8981.323900000001,19052.218,12,42,0.11666666666666665,2,High paying customers
TC-21145,265.5332,1038.26,4,17,0.0,0,low performing customers
TC-21295,606.3727,4266.812,16,63,0.13125,1,Semi discount chasers
TC-21475,119.104,1244.976,11,45,0.2636363636363636,3,Discount Chasers
TC-21535,217.933,742.5580000000001,10,28,0.11000000000000001,0,low performing customers
TD-20995,88.1897,1434.5480000000002,16,67,0.24375000000000002,1,Semi discount chasers
TG-21310,682.1704,3058.372,9,30,0.2111111111111111,3,Discount Chasers
TG-21640,365.7205,2074.661,10,50,0.13,0,low performing customers
TH-21100,-135.2125,2422.824,7,29,0.17142857142857146,3,Discount Chasers
TH-21115,-252.5539,2942.772,9,29,0.23333333333333334,3,Discount Chasers
TH-21235,92.729,1022.201,13,40,0.2076923076923077,3,Discount Chasers
TH-21550,-571.9678,4234.0960000000005,13,44,0.06923076923076922,0,low performing customers
TM-21010,573.3013,2955.2259999999997,19,67,0.05263157894736842,1,Semi discount chasers
TM-21490,292.52099999999996,1094.6779999999999,4,12,0.05,0,low performing customers
TN-21040,-692.0452,3130.221,12,48,0.19999999999999998,3,Discount Chasers
TP-21130,1129.1261,4454.0560000000005,16,55,0.08750000000000001,1,Semi discount chasers
TP-21415,-1087.3898,5329.0048,10,39,0.462,3,Discount Chasers
TP-21565,139.22869999999995,1936.6399999999999,10,48,0.24,3,Discount Chasers
TR-21325,220.36440000000002,675.9419999999999,7,22,0.028571428571428574,0,low performing customers
TS-21085,-3.3156,4.833,2,4,0.7,3,Discount Chasers
TS-21160,260.87440000000004,2163.6240000000003,17,60,0.22352941176470587,1,Semi discount chasers
TS-21205,862.8877,5371.09,19,67,0.15789473684210525,1,Semi discount chasers
TS-21340,-184.97889999999998,974.7819999999999,12,51,0.2833333333333333,3,Discount Chasers
TS-21370,2371.7144000000003,11891.751,15,59,0.11666666666666667,2,High paying customers
TS-21430,48.70169999999999,2054.14,7,31,0.15714285714285717,0,low performing customers
TS-21505,11.377899999999983,2243.274,14,54,0.19285714285714287,1,Semi discount chasers
TS-21610,-294.6981,2820.424,11,44,0.3727272727272727,3,Discount Chasers
TS-21655,220.91629999999998,3368.094,14,52,0.19285714285714287,1,Semi discount chasers
TT-21070,751.9567,4915.602,14,66,0.1142857142857143,1,Semi discount chasers
TT-21220,278.7371,1427.0439999999999,15,55,0.21333333333333335,1,Semi discount chasers
TT-21265,93.9162,439.5,3,8,0.0,0,low performing customers
TT-21460,1124.4999,5364.808,14,48,0.1285714285714286,1,Semi discount chasers
TW-21025,737.3905,5278.826,12,57,0.10000000000000002,1,Semi discount chasers
TZ-21580,224.8887,1707.286,9,30,0.08888888888888889,0,low performing customers
VB-21745,371.2398,2005.596,10,37,0.16999999999999998,0,low performing customers
VD-21670,1617.7874000000002,6442.254,16,71,0.07500000000000001,2,High paying customers
VF-21715,-96.27799999999999,847.944,11,35,0.06363636363636363,0,low performing customers
VG-21790,143.6268,846.01,8,32,0.07500000000000001,0,low performing customers
VG-21805,-52.333,427.372,6,16,0.10000000000000002,0,low performing customers
VM-21685,513.5269,2454.866,12,37,0.10000000000000002,0,low performing customers
VM-21835,116.6373,380.69,8,25,0.11249999999999999,0,low performing customers
VP-21730,205.3888,993.9019999999999,5,18,0.04,0,low performing customers
VP-21760,-1018.7768,3360.526,14,65,0.17142857142857143,1,Semi discount chasers
VS-21820,-262.8093,1055.981,8,38,0.475,3,Discount Chasers
VT-21700,-224.08889999999997,1736.596,9,42,0.3333333333333333,3,Discount Chasers
VW-21775,-874.6645,6134.0380000000005,18,77,0.1611111111111111,1,Semi discount chasers
WB-21850,714.3311,6160.102,37,146,0.2054054054054054,2,High paying customers
XP-21865,621.23,2374.658,28,100,0.04642857142857143,1,Semi discount chasers
YC-21895,1305.629,5454.35,8,31,0.07500000000000001,0,low performing customers
YS-21880,1778.2923,6720.4439999999995,12,58,0.05000000000000001,2,High paying customers
ZC-21910,-1032.1490000000001,8025.707,31,105,0.25483870967741934,1,Semi discount chasers
ZD-21925,249.1307,1493.944,9,32,0.1111111111111111,0,low performing customers
